code,sector
1301,水産・農林業
1305,-
1306,-
1308,-
1309,-
130A,医薬品
1311,-
1319,-
131A,情報・通信業
1320,-
1321,-
1322,-
1325,-
1326,-
1328,-
1329,-
132A,陸運業
1330,-
1332,水産・農林業
1333,水産・農林業
133A,-
1343,-
1345,-
1346,-
1348,-
1349,-
134A,サービス業
1356,-
1357,-
1358,-
135A,情報・通信業
1360,-
1364,-
1365,-
1366,-
1367,-
1368,-
1369,-
136A,建設業
1375,水産・農林業
1376,水産・農林業
1377,水産・農林業
1379,水産・農林業
137A,情報・通信業
1380,水産・農林業
1381,水産・農林業
1382,水産・農林業
1383,水産・農林業
1384,水産・農林業
138A,小売業
1397,-
1398,-
1399,-
139A,不動産業
1401,建設業
1407,建設業
140A,-
1414,建設業
1417,建設業
1418,建設業
1419,建設業
141A,小売業
1420,建設業
1429,建設業
142A,サービス業
1430,建設業
1431,建設業
1432,建設業
1433,建設業
1434,建設業
1435,不動産業
1436,建設業
1438,建設業
143A,サービス業
1443,建設業
1444,建設業
1445,建設業
1446,建設業
1447,建設業
144A,建設業
1450,建設業
1452,建設業
1456,-
1457,-
1458,-
1459,-
145A,情報・通信業
1466,-
1469,-
146A,不動産業
1472,-
1473,-
1474,-
1475,-
1476,-
1477,-
1478,-
1479,-
147A,情報・通信業
1480,-
1481,-
1482,-
1483,-
1484,-
1485,-
1486,-
1487,-
1488,-
1489,-
148A,情報・通信業
1490,-
1491,非鉄金属
1493,-
1494,-
1495,-
1496,-
1497,-
1498,-
1499,-
149A,情報・通信業
150A,サービス業
1514,鉱業
1515,鉱業
1518,その他製品
151A,サービス業
152A,卸売業
153A,情報・通信業
1540,-
1541,-
1542,-
1543,-
1545,-
1546,-
1547,-
154A,その他金融業
1550,-
1551,-
1554,-
1555,-
1557,-
1559,-
155A,情報・通信業
1560,-
1563,-
1566,-
1568,-
1569,-
156A,サービス業
1570,-
1571,-
1572,-
1573,-
1577,-
1578,-
1579,-
157A,サービス業
1580,-
1585,-
1586,-
158A,小売業
1591,-
1592,-
1593,-
1595,-
1596,-
1597,-
1599,-
159A,-
1605,鉱業
160A,サービス業
1615,-
1617,-
1618,-
1619,-
161A,サービス業
1620,-
1621,-
1622,-
1623,-
1624,-
1625,-
1626,-
1627,-
1628,-
1629,-
162A,-
1630,-
1631,-
1632,-
1633,-
163A,-
164A,不動産業
1651,-
1652,-
1653,-
1654,-
1655,-
1656,-
1657,-
1658,-
1659,-
1660,-
1662,鉱業
1663,鉱業
166A,不動産業
1671,-
1672,-
1673,-
1674,-
1675,-
1676,-
1677,-
1678,-
1679,-
167A,卸売業
1680,-
1681,-
1684,-
1685,-
1686,-
1687,-
1688,-
1689,-
168A,その他製品
1690,-
1691,-
1692,-
1693,-
1694,-
1695,-
1696,-
1697,-
1698,-
1699,-
170A,-
1711,建設業
1716,建設業
1717,サービス業
1718,建設業
1719,建設業
171A,卸売業
1720,建設業
1721,建設業
1723,建設業
1724,建設業
1726,建設業
172A,不動産業
1736,建設業
173A,情報・通信業
1758,建設業
175A,情報・通信業
1762,建設業
1764,建設業
1766,建設業
1768,建設業
1770,建設業
1773,建設業
1776,建設業
177A,化学
1780,建設業
1783,不動産業
1786,建設業
1787,建設業
1788,建設業
178A,-
1793,建設業
1795,建設業
1798,建設業
1799,建設業
179A,-
1801,建設業
1802,建設業
1803,建設業
1807,建設業
1808,建設業
180A,-
1810,建設業
1811,建設業
1812,建設業
1813,建設業
1814,建設業
1815,建設業
181A,-
1820,建設業
1822,建設業
1826,建設業
1827,建設業
1828,建設業
182A,-
1833,建設業
1835,建設業
183A,-
1840,建設業
1844,建設業
1847,建設業
1848,建設業
184A,情報・通信業
1850,建設業
1852,建設業
1853,建設業
185A,サービス業
1860,建設業
1861,建設業
1866,建設業
1867,建設業
186A,サービス業
1870,建設業
1871,建設業
1873,建設業
1878,不動産業
1879,建設業
1882,建設業
1885,建設業
1887,建設業
1888,建設業
188A,-
1893,建設業
1897,建設業
1898,建設業
1899,建設業
189A,サービス業
1904,建設業
1905,建設業
1909,機械
190A,医薬品
1911,建設業
1914,建設業
191A,サービス業
1921,建設業
1925,建設業
1926,建設業
1928,建設業
1929,建設業
192A,サービス業
1930,建設業
1934,建設業
1938,建設業
1939,建設業
1941,建設業
1942,建設業
1944,建設業
1945,建設業
1946,建設業
1948,建設業
194A,サービス業
1950,建設業
1951,建設業
1952,建設業
1959,建設業
195A,サービス業
1960,建設業
1961,建設業
1963,建設業
1964,建設業
1965,建設業
1966,建設業
1967,建設業
1968,建設業
1969,建設業
196A,その他金融業
1972,建設業
1975,建設業
1976,建設業
1979,建設業
197A,医薬品
1980,建設業
1981,建設業
1982,建設業
198A,情報・通信業
1992,建設業
1994,建設業
1997,建設業
199A,情報・通信業
2001,食料品
2002,食料品
2003,食料品
2004,食料品
2009,食料品
200A,-
2011,-
2012,-
2013,-
2014,-
2015,-
2016,-
2017,-
2018,-
2019,-
201A,-
2031,-
2032,-
2033,-
2034,-
2036,-
2037,-
2038,-
2039,-
203A,サービス業
2040,-
2041,-
2042,-
2043,-
2044,-
2045,-
2046,-
2047,-
2048,-
204A,パルプ・紙
2050,-
2053,食料品
2055,食料品
205A,建設業
2060,食料品
2065,-
2066,-
2067,-
2068,-
2069,-
206A,医薬品
2070,-
2071,-
2072,-
2073,-
207A,建設業
2080,-
2081,-
2082,-
2083,-
2084,-
2085,-
2086,-
2087,-
2088,-
2089,-
208A,情報・通信業
2090,-
2091,-
2092,-
2093,-
2094,-
2095,-
2096,-
2097,-
2098,-
209A,機械
2108,食料品
2109,食料品
210A,-
2112,食料品
2114,食料品
2117,食料品
211A,建設業
2120,サービス業
2121,情報・通信業
2122,サービス業
2124,サービス業
2127,サービス業
212A,サービス業
2130,サービス業
2134,サービス業
2136,サービス業
2138,情報・通信業
2139,サービス業
213A,-
2146,サービス業
2148,サービス業
2152,サービス業
2153,サービス業
2154,サービス業
2156,サービス業
2157,サービス業
2158,サービス業
215A,サービス業
2160,医薬品
2162,サービス業
2163,サービス業
2164,サービス業
2168,サービス業
2169,サービス業
216A,小売業
2170,サービス業
2173,サービス業
2175,サービス業
2179,サービス業
217A,サービス業
2180,サービス業
2181,サービス業
2183,サービス業
2185,サービス業
2186,サービス業
218A,精密機器
2193,サービス業
2195,サービス業
2198,サービス業
219A,医薬品
2201,食料品
2204,食料品
2206,食料品
2207,食料品
2208,食料品
2209,食料品
220A,情報・通信業
2211,食料品
2212,食料品
2215,食料品
2216,食料品
2217,食料品
221A,-
2220,食料品
2221,食料品
2222,食料品
2224,食料品
2226,食料品
2229,食料品
222A,情報・通信業
2235,-
2236,-
2237,-
2238,-
2239,-
223A,-
2240,-
2241,-
2242,-
2243,-
2244,-
2245,-
2246,-
2247,-
2248,-
2249,-
224A,-
2250,-
2251,-
2252,-
2253,-
2254,-
2255,-
2256,-
2257,-
2258,-
2259,-
2264,食料品
2266,食料品
2267,食料品
2268,食料品
2269,食料品
226A,食料品
2270,食料品
227A,情報・通信業
2281,食料品
2282,食料品
2286,食料品
2288,食料品
228A,情報・通信業
2291,食料品
2292,食料品
2293,食料品
2294,食料品
2296,食料品
229A,建設業
2300,サービス業
2301,サービス業
2303,情報・通信業
2304,サービス業
2305,サービス業
2307,情報・通信業
2311,サービス業
2315,情報・通信業
2317,情報・通信業
2321,情報・通信業
2323,情報・通信業
2325,サービス業
2326,情報・通信業
2327,情報・通信業
2329,情報・通信業
2330,情報・通信業
2331,サービス業
2332,情報・通信業
2334,サービス業
2335,情報・通信業
2337,不動産業
2338,情報・通信業
233A,-
2340,サービス業
2341,サービス業
2342,サービス業
2344,サービス業
2345,情報・通信業
2349,情報・通信業
234A,-
2351,情報・通信業
2353,不動産業
2354,情報・通信業
2359,情報・通信業
235A,-
236A,-
2370,サービス業
2371,サービス業
2373,サービス業
2375,サービス業
2376,サービス業
2378,サービス業
2379,サービス業
237A,-
2384,陸運業
2385,サービス業
2388,その他金融業
238A,-
2391,サービス業
2393,サービス業
2395,サービス業
239A,不動産業
2404,サービス業
2408,サービス業
2410,サービス業
2411,情報・通信業
2413,サービス業
2415,サービス業
2418,サービス業
241A,情報・通信業
2424,サービス業
2425,サービス業
2428,サービス業
2429,サービス業
2432,情報・通信業
2433,サービス業
2435,サービス業
2436,サービス業
2437,サービス業
2438,サービス業
243A,食料品
2440,サービス業
2445,サービス業
2449,サービス業
244A,情報・通信業
2452,情報・通信業
2454,サービス業
2459,サービス業
245A,小売業
2461,サービス業
2462,サービス業
2464,サービス業
2469,サービス業
246A,サービス業
2471,サービス業
2475,サービス業
2477,情報・通信業
2479,サービス業
247A,化学
2480,情報・通信業
2481,サービス業
2483,サービス業
2484,情報・通信業
2485,サービス業
2488,サービス業
2489,サービス業
248A,情報・通信業
2491,サービス業
2492,サービス業
2493,サービス業
2497,サービス業
2498,サービス業
2499,サービス業
249A,サービス業
2501,食料品
2502,食料品
2503,食料品
250A,食料品
2510,-
2511,-
2512,-
2513,-
2514,-
2515,-
2516,-
2517,-
2518,-
2519,-
251A,サービス業
2520,-
2521,-
2522,-
2523,-
2524,-
2525,-
2526,-
2527,-
2528,-
2529,-
252A,小売業
2530,-
2531,食料品
2533,食料品
253A,建設業
2540,食料品
254A,証券、商品先物取引業
2552,-
2553,-
2554,-
2555,-
2556,-
2557,-
2558,-
2559,-
255A,精密機器
2560,-
2561,-
2562,-
2563,-
2564,-
2565,-
2566,-
2567,-
2568,-
2569,-
256A,建設業
2573,食料品
2579,食料品
257A,-
2585,食料品
2586,食料品
2587,食料品
2588,食料品
258A,-
2590,食料品
2593,食料品
25935,食料品
2594,食料品
2597,食料品
2602,食料品
2607,食料品
2612,食料品
2613,食料品
261A,サービス業
2620,-
2621,-
2622,-
2623,-
2624,-
2625,-
2626,-
2627,-
2628,-
2629,-
262A,小売業
2630,-
2631,-
2632,-
2633,-
2634,-
2636,-
2637,-
2638,-
2639,-
263A,情報・通信業
2640,-
2641,-
2642,-
2643,-
2644,-
2645,-
2646,-
2647,-
2648,-
2649,-
264A,サービス業
2652,小売業
2653,小売業
2654,小売業
2656,小売業
2659,小売業
265A,情報・通信業
2664,小売業
2666,小売業
2667,卸売業
2668,卸売業
2669,小売業
266A,サービス業
2670,小売業
2673,小売業
2674,小売業
2676,卸売業
2678,小売業
267A,その他金融業
2681,小売業
2683,小売業
2685,小売業
2686,小売業
2687,サービス業
2689,卸売業
268A,精密機器
2692,卸売業
2693,卸売業
2694,小売業
2695,小売業
2698,小売業
269A,情報・通信業
2700,卸売業
2702,小売業
2705,小売業
2708,卸売業
271A,情報・通信業
2721,卸売業
2722,小売業
2726,小売業
2730,小売業
2733,卸売業
2734,小売業
2735,小売業
2736,小売業
2737,卸売業
273A,-
2742,小売業
2747,小売業
2749,サービス業
274A,小売業
2750,卸売業
2751,卸売業
2752,小売業
2753,小売業
2760,卸売業
2762,小売業
2763,卸売業
2764,小売業
2767,卸売業
2768,卸売業
2769,小売業
276A,不動産業
2776,卸売業
2778,小売業
277A,サービス業
2780,小売業
2782,小売業
2784,卸売業
2788,卸売業
2789,小売業
278A,精密機器
2790,小売業
2791,小売業
2792,小売業
2795,卸売業
2796,小売業
2798,小売業
279A,サービス業
2801,食料品
2802,食料品
2804,食料品
2805,食料品
2806,食料品
2809,食料品
280A,卸売業
2810,食料品
2811,食料品
2813,食料品
2814,食料品
2815,食料品
2816,食料品
2818,食料品
2819,食料品
281A,情報・通信業
2820,食料品
282A,-
2831,食料品
2836,-
2837,-
2838,-
2839,-
283A,-
2840,-
2841,-
2842,-
2843,-
2844,-
2845,-
2846,-
2847,-
2848,-
2849,-
284A,建設業
2851,-
2852,-
2853,-
2854,-
2855,-
2856,-
2857,-
2858,-
2859,-
285A,電気機器
2860,-
2861,-
2862,-
2864,-
2865,-
2866,-
2867,-
2868,-
2869,-
286A,サービス業
2870,-
2871,食料品
2872,食料品
2874,卸売業
2875,食料品
2876,食料品
2877,食料品
287A,卸売業
2882,食料品
2883,食料品
2884,食料品
288A,サービス業
2892,食料品
2894,食料品
2897,食料品
2901,食料品
2903,食料品
2904,食料品
2907,食料品
2908,食料品
290A,情報・通信業
2910,食料品
2911,食料品
2914,食料品
2915,食料品
2916,食料品
2917,食料品
2918,食料品
291A,サービス業
2922,食料品
2923,食料品
2924,食料品
2926,食料品
2927,食料品
2929,食料品
292A,サービス業
2930,化学
2931,食料品
2932,食料品
2933,食料品
2934,食料品
2935,食料品
2936,食料品
2937,食料品
2938,食料品
293A,小売業
294A,-
295A,-
2961,金属製品
2962,金属製品
296A,サービス業
2970,不動産業
2971,-
2972,-
2975,不動産業
2978,不動産業
2979,-
297A,小売業
2980,不動産業
2981,不動産業
2982,不動産業
2983,不動産業
2984,不動産業
2985,不動産業
2986,不動産業
2989,-
298A,情報・通信業
2990,不動産業
2991,不動産業
2992,不動産業
2993,不動産業
2994,不動産業
2995,不動産業
2997,不動産業
2998,不動産業
2999,不動産業
299A,サービス業
3001,繊維製品
3002,繊維製品
3003,不動産業
3004,卸売業
300A,サービス業
3010,サービス業
3011,小売業
301A,不動産業
3020,小売業
3021,サービス業
3023,卸売業
3024,卸売業
3028,小売業
302A,サービス業
3030,小売業
3031,情報・通信業
3034,小売業
3035,卸売業
3036,卸売業
3038,卸売業
303A,情報・通信業
3040,情報・通信業
3041,卸売業
3042,情報・通信業
3045,卸売業
3046,小売業
3048,小売業
304A,情報・通信業
3050,小売業
3053,小売業
3054,卸売業
3058,小売業
3059,小売業
305A,小売業
3063,小売業
3064,小売業
3065,小売業
3067,小売業
3068,小売業
3069,食料品
3070,卸売業
3071,小売業
3075,小売業
3076,卸売業
3077,小売業
3079,卸売業
307A,建設業
3080,小売業
3082,小売業
3083,小売業
3086,小売業
3087,小売業
3088,小売業
3089,卸売業
308A,サービス業
3091,小売業
3092,小売業
3093,小売業
3096,小売業
3097,小売業
3099,小売業
309A,小売業
3101,化学
3103,繊維製品
3104,繊維製品
3105,電気機器
3106,繊維製品
3107,卸売業
3109,繊維製品
310A,不動産業
3110,ガラス・土石製品
3111,繊維製品
3113,証券、商品先物取引業
3116,輸送用機器
311A,医薬品
3121,サービス業
3123,繊維製品
312A,建設業
3131,卸売業
3132,卸売業
3133,小売業
3134,小売業
3135,小売業
3137,小売業
3138,小売業
3139,卸売業
313A,-
3140,卸売業
3143,卸売業
3148,小売業
314A,-
3150,電気・ガス業
3151,卸売業
3153,卸売業
3154,卸売業
3156,卸売業
3157,卸売業
3159,小売業
315A,-
3160,卸売業
3161,卸売業
3166,卸売業
3167,卸売業
3168,卸売業
3169,小売業
316A,-
3172,小売業
3173,卸売業
3174,小売業
3175,小売業
3176,卸売業
3177,小売業
3178,小売業
3179,小売業
317A,情報・通信業
3180,卸売業
3181,小売業
3182,小売業
3183,卸売業
3184,小売業
3185,小売業
3186,小売業
3187,小売業
3189,小売業
318A,-
3190,小売業
3191,小売業
3192,小売業
3193,小売業
3195,小売業
3196,小売業
3197,小売業
3198,小売業
3199,小売業
319A,金属製品
3201,繊維製品
3202,繊維製品
3204,繊維製品
3205,繊維製品
320A,サービス業
321A,サービス業
3221,小売業
3222,小売業
3223,小売業
3224,小売業
3226,-
322A,ガラス・土石製品
3231,不動産業
3232,不動産業
3234,-
3236,不動産業
3237,不動産業
3238,不動産業
323A,情報・通信業
3241,不動産業
3242,不動産業
3245,不動産業
3246,不動産業
3248,不動産業
3249,-
324A,サービス業
3252,不動産業
325A,繊維製品
3261,不動産業
3266,不動産業
3267,建設業
3269,-
326A,卸売業
3271,不動産業
3276,不動産業
3277,不動産業
3279,-
3280,不動産業
3281,-
3282,-
3283,-
3284,不動産業
3286,不動産業
3287,-
3288,不動産業
3289,不動産業
328A,-
3290,-
3291,不動産業
3292,-
3293,不動産業
3294,不動産業
3295,-
3296,-
3297,不動産業
3299,不動産業
329A,サービス業
3300,不動産業
3302,繊維製品
3306,卸売業
3309,-
330A,情報・通信業
3315,石油・石炭製品
3317,小売業
331A,サービス業
3320,卸売業
3321,卸売業
3323,卸売業
3326,サービス業
3329,小売業
332A,情報・通信業
3333,小売業
333A,サービス業
3349,小売業
334A,情報・通信業
3350,卸売業
3352,小売業
3353,小売業
3355,卸売業
3358,小売業
3359,卸売業
335A,情報・通信業
3360,卸売業
3361,小売業
336A,情報・通信業
3370,小売業
3371,情報・通信業
3372,小売業
3374,卸売業
3375,小売業
3377,卸売業
3382,小売業
3386,卸売業
3387,小売業
3388,卸売業
338A,情報・通信業
3391,小売業
3392,卸売業
3393,卸売業
3395,小売業
3396,小売業
3397,小売業
3399,小売業
339A,サービス業
3401,繊維製品
3402,繊維製品
3405,化学
3407,化学
3409,繊維製品
340A,情報・通信業
3415,小売業
3416,小売業
3417,卸売業
3418,小売業
341A,建設業
3420,金属製品
3421,金属製品
3422,金属製品
3423,金属製品
3426,金属製品
3431,金属製品
3433,金属製品
3434,金属製品
3435,金属製品
3436,金属製品
3437,金属製品
3439,金属製品
343A,サービス業
3440,金属製品
3441,金属製品
3443,金属製品
3444,金属製品
3445,金属製品
3446,金属製品
3447,金属製品
3448,金属製品
3449,金属製品
3450,金属製品
3451,-
3452,不動産業
3454,不動産業
3455,-
3457,不動産業
3459,-
345A,-
3461,不動産業
3462,-
3463,-
3465,不動産業
3466,-
3467,不動産業
3468,-
3469,不動産業
346A,-
3470,-
3471,-
3472,-
3474,不動産業
3475,不動産業
3476,-
3477,不動産業
3479,不動産業
347A,卸売業
3480,不動産業
3481,-
3482,不動産業
3483,不動産業
3484,不動産業
3486,不動産業
3487,-
3488,-
3489,不動産業
348A,-
3490,不動産業
3491,不動産業
3492,-
3494,不動産業
3495,不動産業
3496,不動産業
3498,不動産業
349A,-
3501,繊維製品
350A,電気・ガス業
3512,繊維製品
3513,繊維製品
351A,情報・通信業
3521,サービス業
3524,繊維製品
3529,繊維製品
352A,サービス業
3536,小売業
3537,卸売業
3538,小売業
3539,小売業
3542,小売業
3543,卸売業
3544,小売業
3546,小売業
3547,小売業
3548,小売業
3549,小売業
354A,-
3550,小売業
3551,繊維製品
3553,化学
3556,小売業
3557,小売業
3558,小売業
3559,卸売業
355A,サービス業
3560,小売業
3561,小売業
3562,卸売業
3563,小売業
3565,卸売業
3566,小売業
3569,繊維製品
356A,-
3571,繊維製品
3577,繊維製品
357A,小売業
3580,繊維製品
3583,繊維製品
358A,不動産業
3591,繊維製品
3593,繊維製品
3597,繊維製品
3598,繊維製品
359A,サービス業
3600,繊維製品
3607,繊維製品
3608,繊維製品
360A,-
3611,繊維製品
3612,繊維製品
361A,小売業
3622,情報・通信業
3623,情報・通信業
3624,情報・通信業
3625,情報・通信業
3626,情報・通信業
3627,情報・通信業
3628,情報・通信業
362A,サービス業
3632,情報・通信業
3633,情報・通信業
3634,情報・通信業
3635,情報・通信業
3636,情報・通信業
3639,情報・通信業
363A,-
3640,情報・通信業
3641,情報・通信業
3645,情報・通信業
3646,情報・通信業
3647,情報・通信業
3648,情報・通信業
3649,情報・通信業
364A,-
3652,情報・通信業
3653,情報・通信業
3656,情報・通信業
3657,情報・通信業
3659,情報・通信業
365A,繊維製品
3660,情報・通信業
3661,情報・通信業
3662,情報・通信業
3663,情報・通信業
3664,情報・通信業
3665,情報・通信業
3667,情報・通信業
3668,情報・通信業
366A,サービス業
3670,情報・通信業
3671,情報・通信業
3672,情報・通信業
3673,情報・通信業
3674,情報・通信業
3675,情報・通信業
3676,情報・通信業
3678,情報・通信業
3679,情報・通信業
367A,小売業
3680,情報・通信業
3681,情報・通信業
3682,情報・通信業
3683,情報・通信業
3686,情報・通信業
3687,情報・通信業
368A,精密機器
3690,情報・通信業
3691,情報・通信業
3692,情報・通信業
3694,情報・通信業
3695,情報・通信業
3696,情報・通信業
3697,情報・通信業
3698,情報・通信業
369A,サービス業
3708,パルプ・紙
370A,不動産業
3710,情報・通信業
3712,情報・通信業
3719,情報・通信業
371A,情報・通信業
3723,情報・通信業
3726,小売業
3727,情報・通信業
372A,サービス業
3733,情報・通信業
373A,化学
3741,情報・通信業
3744,情報・通信業
3747,情報・通信業
374A,情報・通信業
3750,情報・通信業
3753,情報・通信業
3758,情報・通信業
375A,不動産業
3760,情報・通信業
3762,情報・通信業
3763,情報・通信業
3765,情報・通信業
3766,情報・通信業
3768,情報・通信業
3769,情報・通信業
376A,-
3771,情報・通信業
3772,不動産業
3773,情報・通信業
3774,情報・通信業
3776,情報・通信業
3777,情報・通信業
3778,情報・通信業
3779,情報・通信業
3787,情報・通信業
3788,情報・通信業
378A,サービス業
3791,情報・通信業
3793,情報・通信業
3796,情報・通信業
3798,情報・通信業
3799,情報・通信業
379A,-
3800,情報・通信業
3802,情報・通信業
3803,情報・通信業
3804,情報・通信業
3807,情報・通信業
380A,-
3810,情報・通信業
3815,情報・通信業
3816,情報・通信業
3817,情報・通信業
381A,-
3823,情報・通信業
3825,小売業
3826,情報・通信業
382A,-
3834,情報・通信業
3835,情報・通信業
3836,情報・通信業
3837,情報・通信業
3839,情報・通信業
383A,-
3840,情報・通信業
3841,情報・通信業
3842,情報・通信業
3843,情報・通信業
3844,情報・通信業
3845,情報・通信業
3848,情報・通信業
3850,情報・通信業
3851,情報・通信業
3853,情報・通信業
3854,情報・通信業
3856,電気機器
3858,情報・通信業
385A,卸売業
3861,パルプ・紙
3863,パルプ・紙
3864,パルプ・紙
3865,パルプ・紙
386A,小売業
3877,パルプ・紙
3878,化学
387A,情報・通信業
3880,パルプ・紙
3891,パルプ・紙
3892,パルプ・紙
3895,パルプ・紙
3896,パルプ・紙
389A,電気機器
3900,情報・通信業
3901,情報・通信業
3903,情報・通信業
3904,情報・通信業
3905,情報・通信業
3907,情報・通信業
3908,情報・通信業
3909,情報・通信業
3910,情報・通信業
3911,情報・通信業
3912,情報・通信業
3913,情報・通信業
3914,情報・通信業
3915,情報・通信業
3916,情報・通信業
3917,情報・通信業
3918,情報・通信業
3920,情報・通信業
3921,情報・通信業
3922,情報・通信業
3923,情報・通信業
3925,情報・通信業
3926,情報・通信業
3927,情報・通信業
3928,情報・通信業
3929,情報・通信業
392A,-
3930,情報・通信業
3931,情報・通信業
3932,情報・通信業
3933,情報・通信業
3934,情報・通信業
3935,情報・通信業
3936,情報・通信業
3937,情報・通信業
3939,情報・通信業
393A,サービス業
3940,情報・通信業
3941,パルプ・紙
3943,パルプ・紙
3944,パルプ・紙
3945,パルプ・紙
3946,パルプ・紙
3947,パルプ・紙
3948,パルプ・紙
394A,-
3950,パルプ・紙
3951,パルプ・紙
3953,パルプ・紙
3954,パルプ・紙
3955,パルプ・紙
3958,パルプ・紙
395A,-
3962,情報・通信業
3963,情報・通信業
3964,情報・通信業
3965,情報・通信業
3967,情報・通信業
3968,情報・通信業
3969,情報・通信業
396A,-
3970,情報・通信業
3974,情報・通信業
3976,情報・通信業
3979,情報・通信業
3981,情報・通信業
3983,情報・通信業
3984,情報・通信業
3985,情報・通信業
3986,情報・通信業
3987,情報・通信業
3988,情報・通信業
3989,情報・通信業
398A,サービス業
3991,情報・通信業
3992,情報・通信業
3993,情報・通信業
3994,情報・通信業
3996,情報・通信業
3997,情報・通信業
3998,情報・通信業
399A,-
4004,化学
4005,化学
4008,化学
4011,情報・通信業
4012,情報・通信業
4013,情報・通信業
4014,情報・通信業
4015,情報・通信業
4016,情報・通信業
4017,情報・通信業
4019,情報・通信業
401A,-
4020,情報・通信業
4021,化学
4022,化学
4023,化学
4025,化学
4026,ガラス・土石製品
4027,化学
4028,化学
402A,輸送用機器
4031,化学
403A,建設業
4040,化学
4041,化学
4042,化学
4043,化学
4044,化学
4045,化学
4046,化学
4047,化学
404A,-
4051,情報・通信業
4052,情報・通信業
4053,情報・通信業
4054,情報・通信業
4055,情報・通信業
4056,情報・通信業
4057,情報・通信業
4058,情報・通信業
4059,情報・通信業
405A,卸売業
4060,情報・通信業
4061,化学
4062,電気機器
4063,化学
4064,化学
4068,情報・通信業
4069,情報・通信業
406A,サービス業
4071,情報・通信業
4072,情報・通信業
4073,情報・通信業
4074,情報・通信業
4075,情報・通信業
4076,情報・通信業
4078,化学
407A,建設業
4082,化学
4088,化学
408A,-
4091,化学
4092,化学
4093,化学
4094,化学
4095,化学
4097,化学
4098,化学
4099,化学
409A,食料品
4100,化学
4102,化学
4107,化学
4109,化学
410A,サービス業
4112,化学
4113,化学
4114,化学
4116,化学
4118,化学
4119,化学
411A,その他金融業
4120,化学
4124,化学
4125,化学
412A,-
413A,-
414A,情報・通信業
4151,医薬品
415A,サービス業
4165,情報・通信業
4166,情報・通信業
4167,情報・通信業
4168,情報・通信業
4169,情報・通信業
416A,卸売業
4170,情報・通信業
4171,情報・通信業
4172,情報・通信業
4174,情報・通信業
4175,情報・通信業
4176,情報・通信業
4177,情報・通信業
4178,情報・通信業
4179,情報・通信業
417A,小売業
4180,情報・通信業
4182,化学
4183,化学
4186,化学
4187,化学
4188,化学
4189,化学
4192,情報・通信業
4193,情報・通信業
4194,情報・通信業
4196,情報・通信業
4197,情報・通信業
4198,情報・通信業
4199,情報・通信業
419A,小売業
4202,化学
4203,化学
4204,化学
4205,化学
4206,化学
4208,化学
4212,化学
4216,化学
4218,化学
421A,サービス業
4220,化学
4221,化学
4222,化学
4224,化学
4228,化学
4229,化学
422A,情報・通信業
4231,化学
4234,化学
4235,化学
4237,化学
4238,化学
423A,卸売業
4240,化学
4241,化学
4242,化学
4243,化学
4245,化学
4246,化学
4247,化学
4248,化学
4249,化学
424A,-
4251,化学
4255,情報・通信業
4256,情報・通信業
4258,情報・通信業
4259,情報・通信業
425A,-
4260,情報・通信業
4261,情報・通信業
4262,情報・通信業
4263,情報・通信業
4264,情報・通信業
4265,情報・通信業
426A,-
4270,情報・通信業
4272,化学
4274,化学
4275,化学
4284,情報・通信業
4286,サービス業
4287,情報・通信業
4288,情報・通信業
428A,小売業
4290,サービス業
4293,サービス業
4299,情報・通信業
429A,その他製品
4301,サービス業
4307,情報・通信業
4308,情報・通信業
430A,情報・通信業
4310,サービス業
4316,情報・通信業
4317,サービス業
4318,サービス業
431A,情報・通信業
4320,情報・通信業
4323,情報・通信業
4324,サービス業
4326,情報・通信業
432A,卸売業
4331,サービス業
4334,情報・通信業
4335,情報・通信業
4337,サービス業
433A,卸売業
4341,サービス業
4343,サービス業
4344,情報・通信業
4345,サービス業
4346,その他金融業
4347,サービス業
434A,不動産業
4350,小売業
4351,その他金融業
4356,情報・通信業
435A,-
4360,化学
4361,化学
4362,化学
4365,化学
4366,化学
4367,化学
4368,化学
4369,化学
436A,情報・通信業
4370,情報・通信業
4371,情報・通信業
4372,情報・通信業
4373,情報・通信業
4374,情報・通信業
4375,情報・通信業
4376,情報・通信業
4377,情報・通信業
4378,情報・通信業
4379,情報・通信業
437A,サービス業
4380,情報・通信業
4381,情報・通信業
4382,情報・通信業
4384,情報・通信業
4385,情報・通信業
4386,情報・通信業
4387,情報・通信業
4388,情報・通信業
4389,情報・通信業
438A,情報・通信業
4390,情報・通信業
4391,情報・通信業
4392,情報・通信業
4393,情報・通信業
4394,情報・通信業
4395,情報・通信業
4396,情報・通信業
4397,情報・通信業
4398,情報・通信業
439A,情報・通信業
4401,化学
4403,化学
4404,食料品
4406,化学
4409,化学
4410,化学
4412,情報・通信業
4413,情報・通信業
4414,情報・通信業
4415,情報・通信業
4416,情報・通信業
4417,情報・通信業
4418,情報・通信業
4419,情報・通信業
441A,情報・通信業
4420,情報・通信業
4421,情報・通信業
4422,情報・通信業
4424,情報・通信業
4425,情報・通信業
4426,情報・通信業
4427,情報・通信業
4428,情報・通信業
4429,情報・通信業
442A,繊維製品
4430,情報・通信業
4431,情報・通信業
4432,情報・通信業
4433,サービス業
4434,情報・通信業
4436,情報・通信業
4437,情報・通信業
4438,情報・通信業
4439,情報・通信業
443A,-
4440,情報・通信業
4441,情報・通信業
4442,情報・通信業
4443,情報・通信業
4444,情報・通信業
4445,情報・通信業
4446,情報・通信業
4447,情報・通信業
4448,情報・通信業
4449,情報・通信業
444A,卸売業
4450,情報・通信業
4452,化学
445A,不動産業
4461,化学
4462,化学
4463,化学
4464,化学
4465,化学
446A,サービス業
4471,化学
4475,情報・通信業
4476,情報・通信業
4477,情報・通信業
4478,情報・通信業
4479,情報・通信業
447A,-
4480,情報・通信業
4481,情報・通信業
4482,情報・通信業
4483,情報・通信業
4484,情報・通信業
4486,情報・通信業
4487,情報・通信業
4488,情報・通信業
448A,-
4490,情報・通信業
4491,情報・通信業
4492,情報・通信業
4493,情報・通信業
4494,情報・通信業
4495,情報・通信業
4496,情報・通信業
4498,情報・通信業
4499,情報・通信業
449A,-
4502,医薬品
4503,医薬品
4506,医薬品
4507,医薬品
450A,-
4512,医薬品
4516,医薬品
4519,医薬品
451A,-
4521,医薬品
4523,医薬品
4524,医薬品
4526,食料品
4527,医薬品
4528,医薬品
452A,-
4530,医薬品
4531,化学
4534,医薬品
4536,医薬品
4538,医薬品
4539,医薬品
453A,-
4540,医薬品
4543,精密機器
4544,サービス業
4547,医薬品
4548,医薬品
4549,医薬品
4552,医薬品
4553,医薬品
4554,医薬品
4556,医薬品
4558,医薬品
4559,医薬品
455A,情報・通信業
4563,医薬品
4564,医薬品
4565,医薬品
4568,医薬品
4569,医薬品
456A,小売業
4570,医薬品
4571,医薬品
4572,医薬品
4574,医薬品
4575,医薬品
4576,医薬品
4577,医薬品
4578,医薬品
4579,医薬品
457A,サービス業
4582,医薬品
4583,医薬品
4584,医薬品
4586,医薬品
4587,医薬品
4588,医薬品
458A,不動産業
4591,医薬品
4592,医薬品
4593,医薬品
4594,医薬品
4595,医薬品
4596,医薬品
4597,医薬品
4598,医薬品
4599,医薬品
459A,-
460A,情報・通信業
4611,化学
4612,化学
4613,化学
4615,化学
4616,化学
4617,化学
4619,化学
461A,-
4620,化学
4623,化学
4624,化学
4625,化学
4626,化学
4627,化学
4628,化学
4629,化学
462A,証券、商品先物取引業
4631,化学
4633,化学
4634,化学
4635,化学
463A,不動産業
4641,サービス業
4642,サービス業
4644,情報・通信業
4645,サービス業
464A,情報・通信業
4650,サービス業
4651,サービス業
4657,サービス業
4658,サービス業
4659,サービス業
465A,-
4661,サービス業
4662,情報・通信業
4664,サービス業
4665,サービス業
4666,不動産業
4667,情報・通信業
4668,サービス業
466A,-
4671,サービス業
4673,サービス業
4674,情報・通信業
4676,情報・通信業
4678,サービス業
4679,サービス業
467A,-
4680,サービス業
4681,サービス業
4684,情報・通信業
4685,情報・通信業
4686,情報・通信業
4687,情報・通信業
4689,情報・通信業
468A,-
4691,サービス業
4694,サービス業
469A,サービス業
4704,情報・通信業
4705,サービス業
4707,サービス業
4709,情報・通信業
470A,小売業
4712,サービス業
4714,サービス業
4716,情報・通信業
4718,サービス業
4719,情報・通信業
471A,その他金融業
4720,サービス業
4722,情報・通信業
4725,情報・通信業
4728,情報・通信業
472A,情報・通信業
4732,サービス業
4733,情報・通信業
4735,サービス業
4736,情報・通信業
473A,-
4743,情報・通信業
4746,情報・通信業
4750,サービス業
4751,サービス業
4752,情報・通信業
4754,サービス業
4755,サービス業
475A,サービス業
4760,サービス業
4761,情報・通信業
4762,情報・通信業
4763,サービス業
4765,サービス業
4766,サービス業
4767,サービス業
4768,情報・通信業
4769,情報・通信業
476A,情報・通信業
4771,サービス業
4772,情報・通信業
4776,情報・通信業
4777,情報・通信業
477A,サービス業
4783,情報・通信業
4784,サービス業
478A,情報・通信業
4792,サービス業
479A,情報・通信業
4800,情報・通信業
4801,サービス業
4809,不動産業
480A,サービス業
4811,情報・通信業
4812,情報・通信業
4813,情報・通信業
4814,情報・通信業
4816,情報・通信業
4819,情報・通信業
481A,情報・通信業
4820,情報・通信業
4825,情報・通信業
4826,情報・通信業
4828,情報・通信業
4829,情報・通信業
4832,情報・通信業
4833,サービス業
4838,情報・通信業
4839,情報・通信業
483A,情報・通信業
4840,サービス業
4845,情報・通信業
4847,情報・通信業
4848,サービス業
4849,サービス業
484A,小売業
485A,電気機器
486A,-
4875,医薬品
487A,-
4880,医薬品
4881,医薬品
4882,医薬品
4883,医薬品
4884,医薬品
4885,医薬品
4886,医薬品
4887,医薬品
4888,医薬品
4889,医薬品
488A,-
4890,医薬品
4891,医薬品
4892,医薬品
4893,医薬品
4894,医薬品
4896,医薬品
489A,-
4901,化学
4902,電気機器
490A,不動産業
4911,化学
4912,化学
4914,化学
4917,化学
4918,化学
4919,化学
491A,-
4920,化学
4922,化学
4923,化学
4925,化学
4926,化学
4927,化学
4928,化学
4929,化学
492A,-
4931,化学
4932,化学
4933,化学
4934,化学
4935,化学
4936,化学
4937,化学
493A,-
494A,-
4951,化学
4956,化学
4958,化学
495A,-
4960,化学
4966,化学
4967,化学
4968,化学
496A,-
4970,化学
4971,化学
4972,化学
4973,化学
4974,化学
4975,化学
4976,化学
4977,化学
4978,化学
4979,化学
497A,-
4980,化学
4985,化学
498A,-
4990,化学
4992,化学
4994,化学
4996,化学
4997,化学
4998,化学
499A,-
500A,情報・通信業
5010,石油・石炭製品
5011,石油・石炭製品
5013,石油・石炭製品
5015,石油・石炭製品
5016,非鉄金属
5018,石油・石炭製品
5019,石油・石炭製品
501A,サービス業
5020,石油・石炭製品
5021,石油・石炭製品
5022,石油・石炭製品
5025,情報・通信業
5026,情報・通信業
5027,情報・通信業
5028,情報・通信業
5029,情報・通信業
502A,-
5031,情報・通信業
5032,情報・通信業
5033,情報・通信業
5034,情報・通信業
5035,情報・通信業
5036,情報・通信業
5037,情報・通信業
5038,情報・通信業
503A,情報・通信業
504A,医薬品
505A,サービス業
506A,サービス業
5071,サービス業
5072,建設業
5074,建設業
5076,建設業
50765,建設業
5077,建設業
5078,建設業
5079,建設業
507A,情報・通信業
509A,-
5101,ゴム製品
5103,ゴム製品
5105,ゴム製品
5108,ゴム製品
510A,サービス業
5110,ゴム製品
511A,サービス業
5121,ゴム製品
5122,ゴム製品
5125,情報・通信業
5126,情報・通信業
5129,情報・通信業
512A,-
5130,情報・通信業
5131,情報・通信業
5132,情報・通信業
5133,情報・通信業
5134,情報・通信業
5135,情報・通信業
5136,情報・通信業
5137,情報・通信業
5138,情報・通信業
5139,情報・通信業
513A,-
5142,化学
514A,サービス業
515A,-
5161,ゴム製品
5162,ゴム製品
516A,-
517A,-
5184,ゴム製品
5185,ゴム製品
5186,ゴム製品
5187,精密機器
5189,ゴム製品
518A,-
5192,ゴム製品
5194,ゴム製品
5195,ゴム製品
5199,ゴム製品
519A,情報・通信業
5201,ガラス・土石製品
5202,ガラス・土石製品
5204,ガラス・土石製品
5208,化学
520A,医薬品
5210,ガラス・土石製品
5214,ガラス・土石製品
5216,ガラス・土石製品
5218,ガラス・土石製品
521A,-
522A,情報・通信業
5232,ガラス・土石製品
5233,ガラス・土石製品
5237,ガラス・土石製品
523A,金属製品
5240,情報・通信業
5242,情報・通信業
5243,情報・通信業
5244,情報・通信業
5246,情報・通信業
5247,情報・通信業
5248,情報・通信業
5249,情報・通信業
524A,不動産業
5250,情報・通信業
5251,情報・通信業
5252,情報・通信業
5253,情報・通信業
5254,情報・通信業
5255,情報・通信業
5256,情報・通信業
5257,情報・通信業
5258,情報・通信業
525A,情報・通信業
5261,サービス業
5262,ガラス・土石製品
5268,ガラス・土石製品
5269,ガラス・土石製品
526A,-
5271,ガラス・土石製品
5273,ガラス・土石製品
5279,ガラス・土石製品
527A,小売業
5280,不動産業
5282,ガラス・土石製品
5283,卸売業
5284,ガラス・土石製品
5285,ガラス・土石製品
5287,ガラス・土石製品
5288,ガラス・土石製品
528A,情報・通信業
5290,ガラス・土石製品
5301,ガラス・土石製品
5302,ガラス・土石製品
5304,ガラス・土石製品
530A,-
5310,ガラス・土石製品
531A,-
532A,-
5331,ガラス・土石製品
5332,ガラス・土石製品
5333,ガラス・土石製品
5334,ガラス・土石製品
5337,ガラス・土石製品
533A,-
5341,ガラス・土石製品
5344,ガラス・土石製品
534A,-
5351,ガラス・土石製品
5355,ガラス・土石製品
5356,ガラス・土石製品
5357,ガラス・土石製品
535A,-
5363,ガラス・土石製品
5367,ガラス・土石製品
5368,ガラス・土石製品
536A,-
537A,-
5380,ガラス・土石製品
5381,ガラス・土石製品
5384,ガラス・土石製品
5388,ガラス・土石製品
538A,-
5391,ガラス・土石製品
5393,ガラス・土石製品
539A,-
5401,鉄鋼
5406,鉄鋼
5408,鉄鋼
540A,-
5410,鉄鋼
5411,鉄鋼
541A,-
5423,鉄鋼
542A,化学
543A,輸送用機器
5440,鉄鋼
5444,鉄鋼
5445,鉄鋼
5446,鉄鋼
5449,鉄鋼
544A,機械
5451,鉄鋼
5458,鉄鋼
545A,情報・通信業
5461,鉄鋼
5463,鉄鋼
5464,鉄鋼
546A,卸売業
5471,鉄鋼
547A,その他金融業
5480,鉄鋼
5482,鉄鋼
5484,鉄鋼
548A,情報・通信業
5491,鉄鋼
549A,サービス業
550A,情報・通信業
551A,サービス業
5525,不動産業
5527,不動産業
5528,不動産業
552A,-
5531,不動産業
5532,不動産業
5533,不動産業
5534,不動産業
5535,不動産業
5536,不動産業
5537,不動産業
5541,鉄鋼
5542,鉄鋼
554A,情報・通信業
555A,陸運業
5563,鉄鋼
556A,小売業
5570,情報・通信業
5571,情報・通信業
5572,情報・通信業
5573,情報・通信業
5574,情報・通信業
5575,情報・通信業
5576,情報・通信業
5578,情報・通信業
557A,サービス業
5580,情報・通信業
5581,情報・通信業
5582,情報・通信業
5584,情報・通信業
5586,情報・通信業
5587,情報・通信業
5588,情報・通信業
5589,情報・通信業
558A,サービス業
5590,情報・通信業
5591,情報・通信業
5592,情報・通信業
5594,情報・通信業
5597,情報・通信業
5598,情報・通信業
5599,情報・通信業
559A,食料品
5602,鉄鋼
5603,鉄鋼
5609,鉄鋼
560A,小売業
5612,鉄鋼
5616,情報・通信業
5617,情報・通信業
5618,情報・通信業
5619,情報・通信業
5620,情報・通信業
5621,情報・通信業
5622,情報・通信業
562A,情報・通信業
5631,機械
5632,鉄鋼
563A,-
5644,鉄鋼
564A,-
5658,鉄鋼
5659,鉄鋼
5660,鉄鋼
5695,鉄鋼
5697,鉄鋼
5698,鉄鋼
5699,鉄鋼
5702,非鉄金属
5703,非鉄金属
5704,非鉄金属
5706,非鉄金属
5707,非鉄金属
5711,非鉄金属
5713,非鉄金属
5714,非鉄金属
5715,非鉄金属
5721,非鉄金属
5724,非鉄金属
5726,非鉄金属
5727,非鉄金属
5729,非鉄金属
5741,非鉄金属
5742,非鉄金属
5753,非鉄金属
5757,非鉄金属
5801,非鉄金属
5802,非鉄金属
5803,非鉄金属
5805,非鉄金属
5816,非鉄金属
5817,非鉄金属
5819,非鉄金属
5820,非鉄金属
5821,非鉄金属
5830,銀行業
5831,銀行業
5832,銀行業
5834,証券、商品先物取引業
5838,銀行業
5840,保険業
5842,証券、商品先物取引業
5843,その他金融業
5844,銀行業
5845,その他金融業
5851,非鉄金属
5852,非鉄金属
5856,小売業
5857,非鉄金属
5858,非鉄金属
5866,サービス業
5867,サービス業
5868,サービス業
5869,サービス業
5870,サービス業
5871,サービス業
5884,小売業
5885,卸売業
5886,卸売業
5887,卸売業
5888,小売業
5889,小売業
5890,小売業
5891,小売業
5892,小売業
5893,小売業
5900,金属製品
5901,金属製品
5902,金属製品
5903,金属製品
5905,金属製品
5906,金属製品
5909,金属製品
5911,金属製品
5915,金属製品
5918,金属製品
5921,金属製品
5922,金属製品
5923,金属製品
5928,金属製品
5929,金属製品
5930,金属製品
5932,金属製品
5933,金属製品
5936,金属製品
5938,金属製品
5939,金属製品
5940,金属製品
5941,金属製品
5942,金属製品
5943,金属製品
5945,金属製品
5946,金属製品
5947,金属製品
5949,輸送用機器
5950,金属製品
5951,金属製品
5952,金属製品
5955,金属製品
5956,金属製品
5957,金属製品
5958,金属製品
5959,金属製品
5962,その他製品
5965,金属製品
5966,金属製品
5967,金属製品
5969,金属製品
5970,金属製品
5971,金属製品
5973,金属製品
5974,金属製品
5975,金属製品
5976,金属製品
5981,金属製品
5982,金属製品
5983,金属製品
5984,金属製品
5985,金属製品
5986,金属製品
5987,金属製品
5988,金属製品
5989,金属製品
5990,金属製品
5991,金属製品
5992,金属製品
5994,金属製品
5997,金属製品
5998,金属製品
6005,機械
6013,機械
6016,輸送用機器
6018,輸送用機器
6022,機械
6023,輸送用機器
6027,サービス業
6029,サービス業
6030,サービス業
6031,サービス業
6033,サービス業
6034,サービス業
6035,サービス業
6036,サービス業
6037,サービス業
6038,サービス業
6039,サービス業
6040,サービス業
6042,輸送用機器
6044,サービス業
6045,サービス業
6046,サービス業
6047,サービス業
6049,サービス業
6050,サービス業
6054,サービス業
6055,サービス業
6058,サービス業
6059,サービス業
6061,サービス業
6062,サービス業
6063,サービス業
6069,サービス業
6070,サービス業
6071,サービス業
6072,サービス業
6073,サービス業
6074,サービス業
6078,サービス業
6080,サービス業
6081,サービス業
6082,サービス業
6083,サービス業
6085,サービス業
6086,サービス業
6087,サービス業
6088,サービス業
6089,サービス業
6090,サービス業
6091,サービス業
6092,サービス業
6093,サービス業
6094,サービス業
6096,サービス業
6098,サービス業
6099,サービス業
6101,機械
6103,機械
6104,機械
6113,機械
6118,機械
6125,機械
6134,機械
6135,機械
6136,機械
6137,機械
6138,機械
6140,機械
6141,機械
6143,機械
6144,機械
6145,機械
6146,機械
6147,機械
6149,機械
6150,機械
6151,機械
6155,機械
6156,機械
6157,機械
6158,機械
6159,機械
6161,機械
6165,機械
6166,機械
6167,機械
6168,機械
6171,サービス業
6173,サービス業
6174,サービス業
6176,サービス業
6177,サービス業
6178,サービス業
6180,サービス業
6181,サービス業
6182,サービス業
6183,サービス業
6184,サービス業
6185,サービス業
6186,サービス業
6189,サービス業
6190,サービス業
6191,サービス業
6193,サービス業
6194,サービス業
6195,サービス業
6196,サービス業
6197,サービス業
6198,サービス業
6199,情報・通信業
6200,サービス業
6201,輸送用機器
6203,機械
6208,機械
6209,機械
6217,機械
6218,機械
6222,機械
6223,機械
6224,機械
6226,機械
6227,機械
6228,機械
6229,機械
6230,機械
6231,機械
6232,機械
6233,機械
6235,機械
6237,機械
6238,機械
6239,機械
6240,機械
6245,機械
6246,機械
6247,機械
6248,機械
6249,機械
6250,機械
6254,機械
6255,機械
6257,機械
6258,機械
6262,機械
6264,機械
6265,機械
6266,機械
6267,機械
6268,機械
6269,機械
6272,機械
6273,機械
6276,電気機器
6277,機械
6278,機械
6279,機械
6282,機械
6284,機械
6286,機械
6287,機械
6289,機械
6291,機械
6292,機械
6294,機械
6298,機械
6301,機械
6302,機械
6305,機械
6306,機械
6307,機械
6309,機械
6310,機械
6315,機械
6316,機械
6317,機械
6322,機械
6323,機械
6324,機械
6325,機械
6326,機械
6327,機械
6328,機械
6330,建設業
6331,機械
6332,機械
6333,機械
6334,機械
6335,機械
6336,機械
6337,機械
6338,機械
6339,機械
6340,機械
6342,機械
6343,機械
6345,機械
6346,機械
6347,機械
6349,機械
6351,機械
6356,機械
6357,機械
6358,機械
6360,機械
6361,機械
6363,機械
6364,機械
6365,機械
6366,建設業
6367,機械
6368,機械
6369,機械
6370,機械
6371,機械
6376,精密機器
6378,機械
6379,建設業
6380,機械
6381,機械
6382,機械
6383,機械
6384,機械
6387,機械
6390,機械
6391,機械
6392,機械
6393,機械
6395,機械
6396,機械
6400,機械
6402,機械
6403,機械
6405,機械
6407,機械
6408,機械
6412,機械
6413,機械
6417,機械
6418,機械
6419,機械
6420,機械
6424,機械
6425,機械
6428,機械
6430,機械
6432,機械
6433,機械
6436,機械
6440,機械
6444,機械
6445,機械
6448,電気機器
6454,機械
6455,輸送用機器
6457,機械
6458,機械
6459,機械
6460,機械
6463,機械
6464,機械
6465,機械
6466,機械
6467,機械
6469,機械
6470,機械
6471,機械
6472,機械
6473,機械
6474,機械
6479,電気機器
6480,機械
6481,機械
6482,機械
6484,機械
6485,機械
6486,機械
6488,機械
6489,機械
6490,機械
6492,機械
6493,輸送用機器
6494,機械
6495,機械
6496,機械
6497,機械
6498,機械
6501,電気機器
6503,電気機器
6504,電気機器
6505,電気機器
6506,電気機器
6507,電気機器
6508,電気機器
6513,電気機器
6516,電気機器
6517,電気機器
6518,電気機器
6521,電気機器
6522,電気機器
6523,電気機器
6524,電気機器
6525,電気機器
6526,電気機器
6527,電気機器
6532,サービス業
6533,サービス業
6535,サービス業
6537,サービス業
6538,サービス業
6539,サービス業
6540,サービス業
6543,サービス業
6544,サービス業
6545,サービス業
6546,サービス業
6547,サービス業
6548,サービス業
6549,サービス業
6551,サービス業
6552,サービス業
6554,サービス業
6555,サービス業
6557,サービス業
6558,サービス業
6560,サービス業
6561,サービス業
6562,サービス業
6563,サービス業
6564,サービス業
6565,サービス業
6566,サービス業
6568,サービス業
6570,サービス業
6571,サービス業
6572,サービス業
6573,サービス業
6574,サービス業
6576,サービス業
6577,サービス業
6578,サービス業
6579,サービス業
6580,サービス業
6584,輸送用機器
6586,機械
6588,電気機器
6590,電気機器
6592,電気機器
6594,電気機器
6596,電気機器
6597,電気機器
6599,電気機器
6612,電気機器
6613,電気機器
6614,電気機器
6615,電気機器
6616,電気機器
6617,電気機器
6619,電気機器
6620,不動産業
6622,電気機器
6625,不動産業
6626,電気機器
6627,電気機器
6629,電気機器
6630,電気機器
6632,電気機器
6633,電気機器
6634,電気機器
6635,電気機器
6637,電気機器
6638,電気機器
6643,電気機器
6644,電気機器
6645,電気機器
6647,電気機器
6648,電気機器
6651,電気機器
6652,電気機器
6653,電気機器
6654,電気機器
6656,電気機器
6658,電気機器
6659,電気機器
6662,電気機器
6663,電気機器
6664,電気機器
6666,電気機器
6668,電気機器
6670,電気機器
6674,電気機器
6675,電気機器
6676,電気機器
6677,電気機器
6678,電気機器
6694,電気機器
6695,電気機器
6696,電気機器
6699,電気機器
6701,電気機器
6702,電気機器
6703,電気機器
6706,電気機器
6707,電気機器
6718,電気機器
6721,電気機器
6723,電気機器
6724,電気機器
6727,電気機器
6728,電気機器
6730,電気機器
6731,電気機器
6736,電気機器
6737,電気機器
6740,電気機器
6741,電気機器
6742,電気機器
6743,電気機器
6744,電気機器
6745,電気機器
6748,電気機器
6750,電気機器
6752,電気機器
6753,電気機器
6754,電気機器
6757,電気機器
6758,電気機器
6762,電気機器
6763,電気機器
6768,電気機器
6769,電気機器
6770,電気機器
6771,電気機器
6772,電気機器
6775,電気機器
6776,化学
6777,電気機器
6778,電気機器
6779,電気機器
6785,電気機器
6786,サービス業
6787,電気機器
6788,電気機器
6794,電気機器
6797,電気機器
6798,電気機器
6800,電気機器
6803,電気機器
6804,電気機器
6806,電気機器
6807,電気機器
6809,電気機器
6810,電気機器
6814,電気機器
6817,電気機器
6819,サービス業
6820,電気機器
6822,電気機器
6823,電気機器
6824,電気機器
6832,電気機器
6834,電気機器
6835,電気機器
6836,電気機器
6837,電気機器
6838,電気機器
6840,電気機器
6841,電気機器
6844,電気機器
6845,電気機器
6848,電気機器
6849,電気機器
6850,電気機器
6853,電気機器
6855,電気機器
6856,電気機器
6857,電気機器
6858,電気機器
6859,電気機器
6861,電気機器
6862,電気機器
6863,電気機器
6864,電気機器
6866,電気機器
6867,電気機器
6869,電気機器
6870,電気機器
6871,電気機器
6874,電気機器
6875,電気機器
6877,電気機器
6882,電気機器
6888,情報・通信業
6890,電気機器
6894,電気機器
6897,電気機器
6898,電気機器
6899,電気機器
6901,電気機器
6902,輸送用機器
6904,電気機器
6905,電気機器
6907,電気機器
6908,電気機器
6912,電気機器
6914,電気機器
6915,電気機器
6918,電気機器
6919,電気機器
6920,電気機器
6923,電気機器
6925,電気機器
6926,電気機器
6927,電気機器
6928,電気機器
6929,電気機器
6932,電気機器
6941,電気機器
6942,情報・通信業
6943,電気機器
6946,電気機器
6947,電気機器
6951,電気機器
6952,電気機器
6954,電気機器
6955,電気機器
6958,電気機器
6960,電気機器
6961,電気機器
6962,電気機器
6963,電気機器
6964,電気機器
6965,電気機器
6966,電気機器
6969,電気機器
6971,電気機器
6976,電気機器
6977,電気機器
6981,電気機器
6982,輸送用機器
6986,電気機器
6988,化学
6989,電気機器
6993,小売業
6994,電気機器
6995,輸送用機器
6996,電気機器
6997,電気機器
6998,電気機器
6999,電気機器
7003,機械
7004,機械
7011,機械
7012,輸送用機器
7013,機械
7014,輸送用機器
7018,輸送用機器
7021,機械
7022,機械
7030,サービス業
7031,サービス業
7033,サービス業
7034,サービス業
7035,サービス業
7036,サービス業
7037,サービス業
7038,サービス業
7039,サービス業
7040,サービス業
7041,サービス業
7042,サービス業
7043,サービス業
7044,サービス業
7046,サービス業
7047,サービス業
7048,サービス業
7049,サービス業
7050,サービス業
7057,サービス業
7058,サービス業
7059,サービス業
7060,サービス業
7061,サービス業
7062,サービス業
7063,サービス業
7064,サービス業
7065,サービス業
7066,サービス業
7067,サービス業
7068,サービス業
7069,サービス業
7071,サービス業
7072,サービス業
7073,サービス業
7074,サービス業
7075,サービス業
7077,サービス業
7078,サービス業
7079,サービス業
7080,サービス業
7081,サービス業
7082,サービス業
7083,サービス業
7084,サービス業
7085,サービス業
7087,サービス業
7088,サービス業
7089,サービス業
7090,サービス業
7091,サービス業
7093,サービス業
7094,サービス業
7095,サービス業
7096,サービス業
7097,サービス業
7098,サービス業
7102,輸送用機器
7110,小売業
7111,卸売業
7112,小売業
7114,卸売業
7115,卸売業
7119,小売業
7120,卸売業
7122,輸送用機器
7126,小売業
7127,小売業
7128,卸売業
7129,小売業
7130,卸売業
7131,卸売業
7132,卸売業
7133,小売業
7134,小売業
7135,小売業
7136,小売業
7137,小売業
7138,小売業
7139,卸売業
7140,小売業
7148,証券、商品先物取引業
7150,銀行業
7157,保険業
7161,銀行業
7162,電気・ガス業
7164,その他金融業
7167,銀行業
7170,保険業
7172,証券、商品先物取引業
7173,銀行業
7175,証券、商品先物取引業
7176,証券、商品先物取引業
7177,証券、商品先物取引業
7180,銀行業
7181,保険業
7182,銀行業
7183,その他金融業
7184,銀行業
7185,証券、商品先物取引業
7186,銀行業
7187,その他金融業
7189,銀行業
7191,その他金融業
7192,その他金融業
7196,その他金融業
7198,その他金融業
7199,その他金融業
7201,輸送用機器
7202,輸送用機器
7203,輸送用機器
7208,輸送用機器
7211,輸送用機器
7212,輸送用機器
7213,輸送用機器
7214,輸送用機器
7215,輸送用機器
7217,輸送用機器
7218,輸送用機器
7219,輸送用機器
7220,輸送用機器
7222,輸送用機器
7224,輸送用機器
7226,輸送用機器
7228,輸送用機器
7229,輸送用機器
7231,輸送用機器
7235,輸送用機器
7236,輸送用機器
7238,輸送用機器
7239,輸送用機器
7240,輸送用機器
7241,輸送用機器
7242,輸送用機器
7244,電気機器
7245,輸送用機器
7246,輸送用機器
7247,輸送用機器
7254,輸送用機器
7255,輸送用機器
7256,輸送用機器
7259,輸送用機器
7261,輸送用機器
7264,輸送用機器
7265,輸送用機器
7266,輸送用機器
7267,輸送用機器
7269,輸送用機器
7270,輸送用機器
7271,輸送用機器
7272,輸送用機器
7273,輸送用機器
7276,電気機器
7277,輸送用機器
7278,輸送用機器
7279,輸送用機器
7280,電気機器
7282,輸送用機器
7283,輸送用機器
7284,輸送用機器
7287,輸送用機器
7291,輸送用機器
7292,輸送用機器
7294,輸送用機器
7296,輸送用機器
7297,輸送用機器
7299,輸送用機器
7305,鉄鋼
7309,輸送用機器
7313,輸送用機器
7314,輸送用機器
7317,輸送用機器
7318,輸送用機器
7320,その他金融業
7322,銀行業
7325,保険業
7326,保険業
7327,銀行業
7337,銀行業
7343,保険業
7345,その他金融業
7347,証券、商品先物取引業
7350,銀行業
7351,サービス業
7352,サービス業
7353,サービス業
7354,サービス業
7355,サービス業
7356,サービス業
7357,サービス業
7358,サービス業
7359,サービス業
7360,サービス業
7361,サービス業
7362,サービス業
7363,サービス業
7364,サービス業
7366,サービス業
7367,サービス業
7368,サービス業
7369,サービス業
7370,サービス業
7371,サービス業
7372,サービス業
7373,サービス業
7374,サービス業
7375,サービス業
7376,サービス業
7377,サービス業
7378,サービス業
7380,銀行業
7381,銀行業
7383,その他金融業
7384,銀行業
7388,保険業
7389,銀行業
7399,輸送用機器
7409,輸送用機器
7412,小売業
7413,卸売業
7414,卸売業
7416,小売業
7417,卸売業
7419,小売業
7421,小売業
7422,卸売業
7425,卸売業
7426,卸売業
7427,卸売業
7433,卸売業
7434,卸売業
7435,卸売業
7438,卸売業
7442,卸売業
7443,卸売業
7444,卸売業
7446,卸売業
7447,卸売業
7453,小売業
7456,卸売業
7458,卸売業
7459,卸売業
7460,卸売業
7461,卸売業
7462,小売業
7463,小売業
7464,卸売業
7466,卸売業
7472,卸売業
7475,小売業
7476,卸売業
7477,卸売業
7480,卸売業
7481,卸売業
7482,卸売業
7483,卸売業
7486,卸売業
7487,卸売業
7490,卸売業
7494,小売業
7500,卸売業
7501,卸売業
7502,サービス業
7504,卸売業
7505,卸売業
7506,小売業
7508,小売業
7509,小売業
7510,卸売業
7512,小売業
7513,小売業
7514,小売業
7515,小売業
7516,小売業
7520,小売業
7521,卸売業
7522,小売業
7523,小売業
7524,小売業
7525,卸売業
7527,情報・通信業
7531,卸売業
7532,小売業
7537,卸売業
7538,卸売業
7539,卸売業
7544,小売業
7545,小売業
7550,小売業
75505,小売業
7551,輸送用機器
7552,卸売業
7554,小売業
7555,卸売業
7561,小売業
7562,小売業
7564,小売業
7565,卸売業
7567,卸売業
7570,卸売業
7571,小売業
7575,卸売業
7578,小売業
7581,小売業
7585,小売業
7590,卸売業
7593,小売業
7595,情報・通信業
7596,小売業
7599,卸売業
7600,精密機器
7601,小売業
7602,卸売業
7603,小売業
7604,小売業
7606,小売業
7607,卸売業
7608,卸売業
7609,卸売業
7610,小売業
7611,小売業
7613,卸売業
7614,小売業
7615,小売業
7616,小売業
7619,卸売業
7621,小売業
7624,卸売業
7625,小売業
7628,卸売業
7630,小売業
7634,卸売業
7636,小売業
7637,卸売業
7638,小売業
7640,小売業
7643,小売業
7646,小売業
7649,小売業
7670,卸売業
7673,卸売業
7674,小売業
7677,卸売業
7678,小売業
7679,小売業
7680,小売業
7681,卸売業
7682,小売業
7683,小売業
7685,卸売業
7686,小売業
7687,卸売業
7689,卸売業
7690,卸売業
7691,小売業
7692,電気・ガス業
7693,卸売業
7694,小売業
7695,小売業
7698,卸売業
7699,卸売業
7701,精密機器
7702,精密機器
7707,精密機器
7709,精密機器
7711,精密機器
7713,精密機器
7715,精密機器
7716,精密機器
7717,精密機器
7719,精密機器
7721,精密機器
7722,精密機器
7723,精密機器
7725,精密機器
7726,機械
7727,精密機器
7729,精密機器
7730,精密機器
7731,精密機器
7733,精密機器
7734,精密機器
7735,電気機器
7740,精密機器
7741,精密機器
7743,精密機器
7744,精密機器
7745,精密機器
7746,精密機器
7747,精密機器
7749,精密機器
7751,電気機器
7752,電気機器
7760,精密機器
7762,精密機器
7769,精密機器
7771,精密機器
7774,精密機器
7775,精密機器
7776,精密機器
7777,精密機器
7779,精密機器
7780,精密機器
7781,精密機器
7782,精密機器
7791,その他製品
7792,その他製品
7793,その他製品
7794,その他製品
7795,その他製品
7800,その他製品
7803,その他製品
7804,その他製品
7805,その他製品
7806,その他製品
7807,その他製品
7808,その他製品
7809,その他製品
7810,その他製品
7811,その他製品
7812,その他製品
7813,その他製品
7814,その他製品
7815,その他製品
7818,その他製品
7819,その他製品
7820,その他製品
7821,その他製品
7822,その他製品
7823,その他製品
7826,その他製品
7827,その他製品
7831,その他製品
7832,その他製品
7833,その他製品
7836,その他製品
7837,その他製品
7839,その他製品
7840,その他製品
7841,その他製品
7844,情報・通信業
7846,その他製品
7847,その他製品
7849,情報・通信業
7850,その他製品
7851,その他製品
7856,その他製品
7857,その他製品
7859,その他製品
7860,情報・通信業
7863,その他製品
7864,その他製品
7865,その他製品
7867,その他製品
7868,その他製品
7871,化学
7872,その他製品
7874,化学
7875,その他製品
7877,化学
7878,その他製品
7879,その他製品
7883,その他製品
7885,その他製品
7886,化学
7887,その他製品
7888,化学
7893,その他製品
7896,その他製品
7897,その他製品
7898,その他製品
7901,その他製品
7902,その他製品
7906,その他製品
7908,化学
7911,その他製品
7912,その他製品
7914,その他製品
7915,その他製品
7916,その他製品
7917,化学
7918,小売業
7919,その他製品
7921,その他製品
7922,その他製品
7925,化学
7927,化学
7928,化学
7931,化学
7932,その他製品
7936,その他製品
7937,その他製品
7938,その他製品
7939,その他製品
7940,化学
7942,化学
7943,ガラス・土石製品
7944,その他製品
7946,その他製品
7947,化学
7949,その他製品
7951,その他製品
7952,その他製品
7953,その他製品
7955,その他製品
7956,その他製品
7957,その他製品
7962,その他製品
7963,その他製品
7965,電気機器
7966,その他製品
7970,化学
7971,化学
7972,その他製品
7974,その他製品
7975,その他製品
7976,その他製品
7979,精密機器
7980,その他製品
7981,その他製品
7983,その他製品
7984,その他製品
7985,金属製品
7986,その他製品
7987,その他製品
7988,化学
7989,金属製品
7990,その他製品
7991,機械
7992,その他製品
7994,その他製品
7995,化学
7997,その他製品
7999,電気機器
8001,卸売業
8002,卸売業
8005,小売業
8006,卸売業
8007,卸売業
8008,小売業
8011,繊維製品
8012,卸売業
8013,繊維製品
8014,卸売業
8015,卸売業
8016,繊維製品
8018,卸売業
8020,卸売業
8022,その他製品
8023,情報・通信業
8025,卸売業
8029,繊維製品
8030,卸売業
8031,卸売業
8032,卸売業
8035,電気機器
8037,卸売業
8039,卸売業
8040,繊維製品
8041,卸売業
8043,卸売業
8045,卸売業
8046,卸売業
8050,精密機器
8051,卸売業
8052,卸売業
8053,卸売業
8056,情報・通信業
8057,卸売業
8058,卸売業
8059,卸売業
8060,卸売業
8061,卸売業
8065,卸売業
8066,卸売業
8070,卸売業
8074,卸売業
8075,卸売業
8076,卸売業
8077,卸売業
8078,卸売業
8079,卸売業
8081,卸売業
8084,卸売業
8085,卸売業
8086,精密機器
8088,卸売業
8089,卸売業
8091,卸売業
8093,卸売業
8095,卸売業
8097,卸売業
8098,卸売業
8101,卸売業
8103,卸売業
8104,卸売業
8105,卸売業
8107,繊維製品
8111,繊維製品
8113,化学
8115,卸売業
8117,卸売業
8118,繊維製品
8119,卸売業
8123,卸売業
8125,卸売業
8127,繊維製品
8129,卸売業
8130,卸売業
8131,卸売業
8132,卸売業
8133,卸売業
8135,卸売業
8136,卸売業
8137,卸売業
8138,卸売業
8139,卸売業
8141,卸売業
8142,卸売業
8143,繊維製品
8144,卸売業
8147,卸売業
8150,卸売業
8151,卸売業
8152,卸売業
8153,卸売業
8154,卸売業
8157,情報・通信業
8158,卸売業
8159,卸売業
8160,小売業
8163,小売業
8165,小売業
8166,小売業
8167,小売業
8173,小売業
8174,小売業
8179,小売業
8181,小売業
8185,小売業
8194,小売業
8198,小売業
8200,小売業
8202,小売業
8203,小売業
8207,小売業
8214,小売業
8217,小売業
8218,小売業
8219,小売業
8225,卸売業
8226,卸売業
8227,小売業
8230,小売業
8233,小売業
8237,小売業
8242,小売業
8244,小売業
8247,小売業
8252,小売業
8253,その他金融業
8254,小売業
8255,小売業
8260,小売業
8267,小売業
8273,小売業
8275,卸売業
8276,小売業
8278,小売業
8281,小売業
8282,小売業
8283,卸売業
8285,卸売業
8289,小売業
8291,小売業
8301,-
8303,銀行業
8304,銀行業
8306,銀行業
8308,銀行業
8309,銀行業
8316,銀行業
8331,銀行業
8334,銀行業
8336,銀行業
8337,銀行業
8338,銀行業
8341,銀行業
8343,銀行業
8344,銀行業
8345,銀行業
8346,銀行業
8349,銀行業
8354,銀行業
8358,銀行業
8359,銀行業
8360,銀行業
8361,銀行業
8362,銀行業
8364,銀行業
8365,銀行業
8366,銀行業
8367,銀行業
8368,銀行業
8370,銀行業
8377,銀行業
8381,銀行業
8383,銀行業
8386,銀行業
8387,銀行業
8388,銀行業
8392,銀行業
8393,銀行業
8395,銀行業
8399,銀行業
8410,銀行業
8411,銀行業
8416,銀行業
8418,銀行業
8421,-
8424,その他金融業
8425,その他金融業
8439,その他金融業
8473,証券、商品先物取引業
8508,その他金融業
8511,その他金融業
8518,証券、商品先物取引業
8522,銀行業
8524,銀行業
8537,銀行業
8541,銀行業
8542,銀行業
8544,銀行業
8550,銀行業
8551,銀行業
8558,銀行業
8562,銀行業
8563,銀行業
8566,その他金融業
8570,その他金融業
8572,その他金融業
8584,その他金融業
8585,その他金融業
8591,その他金融業
8593,その他金融業
8595,証券、商品先物取引業
8596,その他金融業
8600,銀行業
8601,証券、商品先物取引業
8604,証券、商品先物取引業
8609,証券、商品先物取引業
8613,証券、商品先物取引業
8614,証券、商品先物取引業
8616,証券、商品先物取引業
8617,証券、商品先物取引業
8622,証券、商品先物取引業
8624,証券、商品先物取引業
8628,証券、商品先物取引業
8630,保険業
8697,その他金融業
8698,証券、商品先物取引業
8699,証券、商品先物取引業
8700,証券、商品先物取引業
8704,証券、商品先物取引業
8705,証券、商品先物取引業
8706,証券、商品先物取引業
8707,証券、商品先物取引業
8708,証券、商品先物取引業
8713,銀行業
8714,銀行業
8715,保険業
8725,保険業
8729,保険業
8737,証券、商品先物取引業
8739,証券、商品先物取引業
8742,証券、商品先物取引業
8746,証券、商品先物取引業
8747,証券、商品先物取引業
8750,保険業
8766,保険業
8769,サービス業
8771,その他金融業
8772,その他金融業
8783,その他金融業
8789,その他金融業
8793,その他金融業
8795,保険業
8798,保険業
8801,不動産業
8802,不動産業
8803,不動産業
8804,不動産業
8818,不動産業
8830,不動産業
8835,卸売業
8836,不動産業
8841,不動産業
8844,不動産業
8848,不動産業
8850,不動産業
8860,不動産業
8864,不動産業
8869,不動産業
8871,不動産業
8876,サービス業
8877,不動産業
8881,不動産業
8887,不動産業
8891,不動産業
8892,不動産業
8894,不動産業
8897,不動産業
8898,不動産業
8904,不動産業
8908,不動産業
8912,不動産業
8914,不動産業
8917,不動産業
8918,不動産業
8919,不動産業
8920,サービス業
8921,不動産業
8923,不動産業
8927,不動産業
8928,不動産業
8929,不動産業
8931,不動産業
8934,不動産業
8935,不動産業
8938,不動産業
8944,不動産業
8945,不動産業
8946,不動産業
8951,-
8952,-
8953,-
8954,-
8955,-
8956,-
8957,-
8958,-
8960,-
8961,-
8963,-
8964,-
8966,-
8967,-
8968,-
8972,-
8975,-
8976,-
8977,-
8979,-
8984,-
8985,-
8986,-
8987,-
8995,不動産業
8996,不動産業
8999,不動産業
9001,陸運業
9003,陸運業
9005,陸運業
9006,陸運業
9007,陸運業
9008,陸運業
9009,陸運業
9010,陸運業
9012,陸運業
9017,陸運業
9020,陸運業
9021,陸運業
9022,陸運業
9023,陸運業
9024,陸運業
9025,陸運業
9028,陸運業
9029,陸運業
9031,陸運業
9033,陸運業
9034,陸運業
9036,陸運業
9037,陸運業
9039,陸運業
9041,陸運業
9042,陸運業
9044,陸運業
9045,陸運業
9046,陸運業
9048,陸運業
9049,陸運業
9051,陸運業
9052,陸運業
9057,陸運業
9059,陸運業
9060,陸運業
9063,陸運業
9064,陸運業
9065,陸運業
9067,陸運業
9068,陸運業
9069,陸運業
9072,陸運業
9073,陸運業
9074,陸運業
9075,陸運業
9076,陸運業
9081,陸運業
9082,陸運業
9083,陸運業
9087,陸運業
9090,陸運業
9101,海運業
9104,海運業
9107,海運業
9110,海運業
9115,海運業
9119,海運業
9127,海運業
9130,海運業
9142,陸運業
9143,陸運業
9145,陸運業
9146,陸運業
9147,陸運業
9149,陸運業
9156,サービス業
9158,サービス業
9159,サービス業
9160,サービス業
9162,サービス業
9163,サービス業
9165,サービス業
9166,サービス業
9168,サービス業
9169,サービス業
9171,海運業
9173,海運業
9193,倉庫・運輸関連業
9201,空運業
9202,空運業
92025,空運業
9204,空運業
9206,空運業
9211,サービス業
9212,サービス業
9213,サービス業
9214,サービス業
9215,サービス業
9216,サービス業
9218,サービス業
9219,サービス業
9220,サービス業
9221,サービス業
9222,サービス業
9223,サービス業
9225,サービス業
9226,サービス業
9227,サービス業
9229,サービス業
9233,空運業
9235,サービス業
9236,サービス業
9237,サービス業
9238,サービス業
9239,サービス業
9240,サービス業
9241,サービス業
9242,サービス業
9243,サービス業
9244,サービス業
9245,サービス業
9246,サービス業
9247,サービス業
9248,サービス業
9249,サービス業
9250,サービス業
9251,サービス業
9252,サービス業
9253,サービス業
9254,サービス業
9256,サービス業
9257,サービス業
9258,サービス業
9259,サービス業
9262,小売業
9264,卸売業
9265,卸売業
9267,小売業
9268,卸売業
9270,卸売業
9271,小売業
9272,サービス業
9273,卸売業
9274,卸売業
9278,小売業
9279,小売業
9282,-
9284,-
9285,-
9286,-
9301,倉庫・運輸関連業
9302,倉庫・運輸関連業
9303,倉庫・運輸関連業
9304,倉庫・運輸関連業
9305,卸売業
9306,倉庫・運輸関連業
9307,倉庫・運輸関連業
9308,海運業
9310,倉庫・運輸関連業
9311,倉庫・運輸関連業
9312,倉庫・運輸関連業
9313,倉庫・運輸関連業
9319,倉庫・運輸関連業
9322,倉庫・運輸関連業
9324,倉庫・運輸関連業
9325,倉庫・運輸関連業
9326,倉庫・運輸関連業
9327,倉庫・運輸関連業
9330,サービス業
9331,サービス業
9332,サービス業
9334,サービス業
9335,サービス業
9336,サービス業
9337,サービス業
9338,サービス業
9339,サービス業
9340,サービス業
9341,サービス業
9342,サービス業
9343,サービス業
9344,サービス業
9345,サービス業
9346,サービス業
9347,サービス業
9348,サービス業
9351,倉庫・運輸関連業
9353,倉庫・運輸関連業
9355,倉庫・運輸関連業
9360,情報・通信業
9361,倉庫・運輸関連業
9362,倉庫・運輸関連業
9363,倉庫・運輸関連業
9364,倉庫・運輸関連業
9365,倉庫・運輸関連業
9366,倉庫・運輸関連業
9367,倉庫・運輸関連業
9368,倉庫・運輸関連業
9369,倉庫・運輸関連業
9376,サービス業
9380,倉庫・運輸関連業
9381,倉庫・運輸関連業
9385,化学
9399,情報・通信業
9401,情報・通信業
9404,情報・通信業
9405,情報・通信業
9408,情報・通信業
9409,情報・通信業
9412,情報・通信業
9413,情報・通信業
9414,情報・通信業
9416,情報・通信業
9417,情報・通信業
9418,情報・通信業
9419,情報・通信業
9421,情報・通信業
9423,情報・通信業
9424,情報・通信業
9425,情報・通信業
9428,情報・通信業
9432,情報・通信業
9433,情報・通信業
9434,情報・通信業
94345,情報・通信業
94346,情報・通信業
9435,情報・通信業
9436,情報・通信業
9438,情報・通信業
9439,サービス業
9441,情報・通信業
9444,情報・通信業
9445,情報・通信業
9446,情報・通信業
9449,情報・通信業
9450,情報・通信業
9466,情報・通信業
9467,情報・通信業
9468,情報・通信業
9470,情報・通信業
9474,情報・通信業
9475,情報・通信業
9476,情報・通信業
9478,情報・通信業
9501,電気・ガス業
9502,電気・ガス業
9503,電気・ガス業
9504,電気・ガス業
9505,電気・ガス業
9506,電気・ガス業
9507,電気・ガス業
9508,電気・ガス業
9509,電気・ガス業
9511,電気・ガス業
9513,電気・ガス業
9514,電気・ガス業
9517,電気・ガス業
9519,電気・ガス業
9531,電気・ガス業
9532,電気・ガス業
9533,電気・ガス業
9534,電気・ガス業
9535,電気・ガス業
9536,電気・ガス業
9537,電気・ガス業
9539,電気・ガス業
9543,電気・ガス業
9551,電気・ガス業
9552,サービス業
9553,サービス業
9554,サービス業
9556,サービス業
9557,サービス業
9558,サービス業
9560,サービス業
9561,サービス業
9562,サービス業
9563,サービス業
9564,サービス業
9565,サービス業
9601,情報・通信業
9602,情報・通信業
9603,サービス業
9605,情報・通信業
9610,サービス業
9612,サービス業
9616,サービス業
9619,サービス業
9621,サービス業
9622,サービス業
9625,サービス業
9627,小売業
9628,サービス業
9629,情報・通信業
9632,サービス業
9633,不動産業
9635,サービス業
9636,サービス業
9639,サービス業
9640,情報・通信業
9644,サービス業
9647,サービス業
9651,情報・通信業
9656,サービス業
9658,情報・通信業
9661,サービス業
9663,サービス業
9672,サービス業
9678,サービス業
9679,サービス業
9682,情報・通信業
9684,情報・通信業
9685,情報・通信業
9686,サービス業
9687,情報・通信業
9691,情報・通信業
9692,情報・通信業
9697,情報・通信業
9698,情報・通信業
9699,サービス業
9701,サービス業
9702,情報・通信業
9704,サービス業
9706,不動産業
9708,サービス業
9709,情報・通信業
9713,サービス業
9715,サービス業
9716,サービス業
9720,サービス業
9722,サービス業
9723,サービス業
9726,サービス業
9729,サービス業
9731,サービス業
9733,サービス業
9735,サービス業
9739,情報・通信業
9740,サービス業
9742,情報・通信業
9743,サービス業
9744,サービス業
9746,情報・通信業
9753,情報・通信業
9755,サービス業
9757,サービス業
9759,情報・通信業
9760,サービス業
9761,サービス業
9763,卸売業
9765,サービス業
9766,情報・通信業
9767,サービス業
9768,サービス業
9769,サービス業
9778,サービス業
9780,サービス業
9782,サービス業
9788,サービス業
9790,情報・通信業
9791,サービス業
9793,サービス業
9795,サービス業
9799,情報・通信業
9812,小売業
9816,不動産業
9818,卸売業
9820,不動産業
9823,小売業
9824,卸売業
9827,卸売業
9828,小売業
9830,卸売業
9831,小売業
9832,卸売業
9835,小売業
9837,卸売業
9842,小売業
9843,小売業
9845,化学
9846,小売業
9849,卸売業
9850,小売業
9853,小売業
9854,小売業
9856,小売業
9857,卸売業
9861,小売業
9867,卸売業
9869,卸売業
9872,卸売業
9876,小売業
9878,小売業
9880,電気機器
9882,卸売業
9885,卸売業
9887,小売業
9888,卸売業
9889,情報・通信業
9890,小売業
9895,卸売業
9896,卸売業
9900,小売業
9902,卸売業
9903,小売業
9904,小売業
9906,卸売業
9908,卸売業
9913,卸売業
9914,卸売業
9927,小売業
9928,情報・通信業
9929,卸売業
9930,卸売業
9932,卸売業
9934,卸売業
9936,小売業
9941,卸売業
9946,小売業
9948,小売業
9950,小売業
9955,卸売業
9956,小売業
9959,小売業
9960,卸売業
9962,卸売業
9969,小売業
9972,卸売業
9973,小売業
9974,小売業
9976,小売業
9978,小売業
9979,小売業
9980,小売業
9982,卸売業
9983,小売業
9984,情報・通信業
9986,卸売業
9987,卸売業
9989,小売業
9990,小売業
9991,卸売業
9993,小売業
9994,小売業
9996,卸売業
9997,小売業
